,pass@1,pass@5,pass@10
0,0.41379310344827586,0.6544882320744388,0.7586206896551724
